<?xml version="1.0" encoding="utf-8"?>
<S100FC:S100_FC_FeatureCatalogue xmlns:S100FC="http://www.iho.int/S100FC/5.2" xmlns:S100Base="http://www.iho.int/S100Base/5.0" xmlns:S100CI="http://www.iho.int/S100CI/5.0" xmlns:xlink="http://www.w3.org/1999/xlink" xmlns:S100CD="http://www.iho.int/S100CD/5.0" xmlns:xsi="http://www.w3.org/2001/XMLSchema-instance" xsi:schemaLocation="http://www.iho.int/S100FC/5.2 https://schemas.s100dev.net/schemas/S100/5.2.0/S100FC/20231214/S100FC.xsd">
	<S100FC:name>S-102</S100FC:name>
	<S100FC:scope>Global</S100FC:scope>
	<S100FC:fieldOfApplication>Marine Navigation</S100FC:fieldOfApplication>
	<S100FC:versionNumber>3.0.0</S100FC:versionNumber>
	<S100FC:versionDate>2024-12-05</S100FC:versionDate>
	<S100FC:productId>S-102</S100FC:productId>
	<S100FC:producer>
		<S100CI:role>pointOfContact</S100CI:role>
		<S100CI:party>
			<S100CI:CI_Organisation>
				<S100CI:name>International Hydrographic Organization</S100CI:name>
				<S100CI:contactInfo>
					<S100CI:phone>
						<S100CI:number>+377 93 10 81 00</S100CI:number>
						<S100CI:numberType>voice</S100CI:numberType>
					</S100CI:phone>
					<S100CI:phone>
						<S100CI:number>+377 93 10 81 40</S100CI:number>
						<S100CI:numberType>fax</S100CI:numberType>
					</S100CI:phone>
					<S100CI:address>
						<S100CI:administrativeArea>4b quai Antoine 1er</S100CI:administrativeArea>
						<S100CI:country>Principauté de Monaco</S100CI:country>
						<S100CI:electronicMailAddress>info@iho.int</S100CI:electronicMailAddress>
					</S100CI:address>
					<S100CI:onlineResource>
						<S100CI:linkage>www.iho.int</S100CI:linkage>
					</S100CI:onlineResource>
				</S100CI:contactInfo>
			</S100CI:CI_Organisation>
		</S100CI:party>
	</S100FC:producer>
	<S100FC:classification>unclassified</S100FC:classification>
	<S100FC:S100_FC_DefinitionSources>
		<S100FC:FC_DefinitionSource id="IHOREG">
			<S100FC:source>
				<S100CI:title>IHO GI Registry</S100CI:title>
				<S100CI:onlineResource>
					<S100CI:linkage>http://registry.iho.int</S100CI:linkage>
				</S100CI:onlineResource>
			</S100FC:source>
		</S100FC:FC_DefinitionSource>
	</S100FC:S100_FC_DefinitionSources>
	<S100FC:S100_FC_SimpleAttributes>
		<S100FC:S100_FC_SimpleAttribute>
			<S100FC:name>Depth</S100FC:name>
			<S100FC:definition>The vertical distance from a given water level to the bottom.</S100FC:definition>
			<S100FC:code>depth</S100FC:code>
			<S100FC:alias>DEPTH</S100FC:alias>
			<S100FC:definitionReference>
				<S100FC:sourceIdentifier>820</S100FC:sourceIdentifier>
				<S100FC:definitionSource ref="IHOREG" />
			</S100FC:definitionReference>
			<S100FC:valueType>real</S100FC:valueType>
		</S100FC:S100_FC_SimpleAttribute>
		<S100FC:S100_FC_SimpleAttribute>
			<S100FC:name>Uncertainty</S100FC:name>
			<S100FC:definition>The interval (about a given value) that will contain the true value of the measurement at a specific confidence level.</S100FC:definition>
			<S100FC:code>uncertainty</S100FC:code>
			<S100FC:remarks>Represents a +/- value defining the possible range of associated depth, expressed as a positive number.</S100FC:remarks>
			<S100FC:definitionReference>
				<S100FC:sourceIdentifier>884</S100FC:sourceIdentifier>
				<S100FC:definitionSource ref="IHOREG" />
			</S100FC:definitionReference>
			<S100FC:valueType>real</S100FC:valueType>
		</S100FC:S100_FC_SimpleAttribute>
		<S100FC:S100_FC_SimpleAttribute>
			<S100FC:name>ID</S100FC:name>
			<S100FC:definition>Meta data record identifier for QualityOfBathymetric Coverage</S100FC:definition>
			<S100FC:code>iD</S100FC:code>
			<S100FC:alias>ID</S100FC:alias>
			<S100FC:definitionReference>
				<S100FC:sourceIdentifier>1251</S100FC:sourceIdentifier>
				<S100FC:definitionSource ref="IHOREG" />
			</S100FC:definitionReference>
			<S100FC:valueType>integer</S100FC:valueType>
		</S100FC:S100_FC_SimpleAttribute>
	</S100FC:S100_FC_SimpleAttributes>
	<S100FC:S100_FC_FeatureTypes>
		<S100FC:S100_FC_FeatureType isAbstract="false">
			<S100FC:name>Bathymetry Coverage</S100FC:name>
			<S100FC:definition>A set of value items required to define a dataset representing an depth calculation and its associated uncertainty.</S100FC:definition>
			<S100FC:code>BathymetryCoverage</S100FC:code>
			<S100FC:definitionReference>
				<S100FC:sourceIdentifier>657</S100FC:sourceIdentifier>
				<S100FC:definitionSource ref="IHOREG" />
			</S100FC:definitionReference>
			<S100FC:attributeBinding sequential="false">
				<S100FC:multiplicity>
					<S100Base:lower>1</S100Base:lower>
					<S100Base:upper xsi:nil="false" infinite="false">1</S100Base:upper>
				</S100FC:multiplicity>
				<S100FC:attribute ref="depth" />
			</S100FC:attributeBinding>
			<S100FC:attributeBinding sequential="false">
				<S100FC:multiplicity>
					<S100Base:lower>0</S100Base:lower>
					<S100Base:upper xsi:nil="false" infinite="false">1</S100Base:upper>
				</S100FC:multiplicity>
				<S100FC:attribute ref="uncertainty" />
			</S100FC:attributeBinding>
			<S100FC:featureUseType>geographic</S100FC:featureUseType>
			<S100FC:permittedPrimitives>coverage</S100FC:permittedPrimitives>
		</S100FC:S100_FC_FeatureType>
		<S100FC:S100_FC_FeatureType isAbstract="false">
			<S100FC:name>Quality of Bathymetry Coverage</S100FC:name>
			<S100FC:definition>A set of references to value records that provide localised information about depth, uncertainties, and bathymetry coverage metadata.</S100FC:definition>
			<S100FC:code>QualityOfBathymetryCoverage</S100FC:code>
			<S100FC:definitionReference>
				<S100FC:sourceIdentifier>642</S100FC:sourceIdentifier>
				<S100FC:definitionSource ref="IHOREG" />
			</S100FC:definitionReference>
			<S100FC:attributeBinding sequential="false">
				<S100FC:multiplicity>
					<S100Base:lower>1</S100Base:lower>
					<S100Base:upper xsi:nil="false" infinite="false">1</S100Base:upper>
				</S100FC:multiplicity>
				<S100FC:attribute ref="iD" />
			</S100FC:attributeBinding>
			<S100FC:featureUseType>meta</S100FC:featureUseType>
			<S100FC:permittedPrimitives>coverage</S100FC:permittedPrimitives>
		</S100FC:S100_FC_FeatureType>
	</S100FC:S100_FC_FeatureTypes>
</S100FC:S100_FC_FeatureCatalogue>
